auto_withdraw_enabled_since,entity_id
2020-09-22T23:28:03.322195+10:00,0332667e-b1dd-44ec-bc85-7c602d8ad9f2
2020-09-02T11:09:21.021239+10:00,03414668-c0db-4c80-a68a-ba9180e921a2
2020-09-02T12:15:34.11839+10:00,090bcc59-8925-41fc-88b6-acba0ae53eb8
2020-07-27T07:09:57.122817+10:00,0d4de56b-7813-4093-a99b-918e29d4de36
2020-05-18T23:24:26.869686+10:00,1401ce05-7c91-48cb-ac3a-752104c1c80b
2020-07-29T06:27:00.965594+10:00,191dad1c-5e26-4bd4-8894-2db850c8d504
2020-08-10T05:55:26.63828+10:00,1a52dce7-1393-407b-a770-a6e67b544689
2020-05-27T06:45:11.933164+10:00,228c41e4-47b0-4d40-8275-e982c342ce67
2020-07-28T12:06:37.999746+10:00,22b5b6e8-d319-46e3-884a-c25f765f0fba
2020-08-27T10:23:57.308027+10:00,22fbb98f-8281-4798-bf10-cc9be9aeebb8
2020-07-18T11:16:17.126304+10:00,23b849e4-7930-4bf5-bdc0-54ea680ec64f
2020-09-07T07:19:36.832927+10:00,32b5614f-e0c3-44e6-b0e8-e718e315d63c
2020-10-07T00:14:32.85207+11:00,3395ee5d-a14f-4dbe-bc41-3bb332f6cc84
2020-08-23T06:17:30.898425+10:00,33c3b23e-85b2-4c39-8023-aff1088a2d84
2020-07-15T22:51:05.307386+10:00,33e8e339-0cca-462e-b29c-825d3d5f371b
2020-05-18T00:03:54.120263+10:00,3622a52f-8fa1-4fb2-8f4a-d5cf1a2fddae
2020-09-30T09:16:45.065167+10:00,38ead087-205c-42b9-9c47-5692fdd51305
2020-09-13T09:54:51.459512+10:00,39d0e856-8eff-436e-a251-25c3c053ab1d
2020-06-24T05:51:57.187784+10:00,3e07fd8b-05d3-4b31-bbfe-a7a88bac9505
2020-07-28T04:13:28.06072+10:00,42a6dc58-3654-4fe1-b4b2-1ab03cb5a898
2020-09-08T06:56:49.886208+10:00,435f3541-187b-4b53-90ed-e30496f0e9e4
2020-05-15T22:47:02.522163+10:00,49794eae-59c9-4894-ae95-38fc886ccb17
2020-05-19T05:23:05.718016+10:00,4a799cbd-0d01-463a-aca4-738b167955f0
2020-08-27T01:51:43.902535+10:00,4cfc326e-0acd-4a1d-9427-8394f6a2eefd
2020-05-15T21:17:36.006356+10:00,53ce52d9-0112-48a3-9075-0c762ad55ae5
2020-05-18T23:48:29.246513+10:00,5bbb0c37-0029-47cf-a73e-c9eeb2008da6
2020-08-24T02:19:47.950976+10:00,6300ab58-ba7e-4d3f-b4a1-d276240968e3
2020-03-20T16:36:47.201514+11:00,6554d296-80bc-4556-83e8-e2c546ff851d
2020-05-18T03:53:42.003381+10:00,6587a86d-ea9c-44e8-affd-338a848c5210
2020-06-04T02:13:51.805424+10:00,6db1ab60-6716-4ff5-8500-b27cd80ac51a
2020-08-31T07:39:08.784134+10:00,79809396-23d4-48ad-b2a0-0ebca3db87a1
2020-06-04T23:42:39.83788+10:00,7a9301c5-8f71-4cf8-bff4-571ea7ac732f
2020-08-24T05:45:17.35986+10:00,7dd8d14a-95ac-426f-a31a-8b09b9c8ef15
2020-09-22T01:37:42.554271+10:00,82f9b62d-f33f-4acd-8bcf-fdfadb9c958f
2020-07-31T03:44:44.466243+10:00,8671c787-e781-4ae1-91b1-9faf1b53b927
2020-06-25T05:44:18.778617+10:00,8cda1f7d-f596-455d-8d78-4873b1bd4068
2020-06-04T23:44:21.378299+10:00,9002e515-9385-4507-b67d-9b715870b3ad
2020-09-07T10:58:38.65219+10:00,9041a524-444d-4ae7-a994-ae5adc6d277d
2020-09-01T09:50:28.718413+10:00,90af7d5f-99a1-46e0-95a0-10a2bda477eb
2020-08-27T01:38:20.198699+10:00,93530b49-4070-43c0-8fcc-300ae94b3143
2020-09-02T00:02:58.539412+10:00,9446d497-3a13-469a-9656-c3207371ed90
2020-07-29T21:57:42.941936+10:00,959ecc12-bc42-4345-be2a-b6f67fa12c60
2020-05-15T01:57:45.500038+10:00,96643d73-3f1b-46e6-b63a-e01f564610cb
2020-08-13T04:49:22.439828+10:00,96ec520d-6679-4a48-8f81-f1d6b9228279
2020-08-06T03:03:15.298467+10:00,98c8d9f9-5c43-459b-9f27-727e776608fe
2020-07-24T02:41:52.108535+10:00,9942868f-42ea-4423-8c4c-7859cbdcaea6
2020-07-30T02:53:18.983859+10:00,99bcc493-f64e-4159-87a1-3c61665f2b3f
2020-08-27T08:43:52.629613+10:00,9bdc307a-61cf-45d7-a77d-ae3e3456c415
2020-07-17T04:18:53.965339+10:00,9cf02452-c58e-48c8-8344-1474901b10fd
2020-09-18T05:05:43.776024+10:00,9d7488a9-19c6-4f4a-827b-2f490f02ef35
2020-07-08T00:51:03.592328+10:00,a0c6ff63-d8b2-4cbc-9f0b-7ddeaa7b22f8
2020-06-03T01:02:37.206762+10:00,a4f5c869-ff77-48eb-b995-cf646fe8274d
2020-06-16T22:35:57.678261+10:00,a5456177-19dc-4d2f-aa88-8bd8820ba150
2020-07-23T07:30:21.333875+10:00,a66cd15a-20f7-4472-a382-d23012eeaf3c
2020-08-15T00:56:00.854177+10:00,a9f5d92a-4cea-4d49-81ba-f56d2502c53a
2020-09-01T23:42:00.450742+10:00,ad3e360d-57a1-476b-99f5-7b9b6c0001af
2020-07-16T22:09:44.239684+10:00,ae1d98c4-7ed0-4b50-962c-06eb3a867d1e
2020-08-17T03:16:56.019548+10:00,b00cdfd4-ec93-4726-ae7d-03ff0df5d03e
2020-09-29T06:53:08.633372+10:00,b197f899-53ef-4d55-8c65-c555c24d10f2
2020-09-01T03:31:31.531965+10:00,b45322a7-d1ab-4614-91d7-52cb83fd6f27
2020-07-01T21:57:57.671449+10:00,b616d9d5-1cd4-4cfa-acab-ec6ee18e0187
2020-07-13T03:03:05.384005+10:00,c5c15e1f-dc46-4b33-973a-c025963a3067
2020-05-25T01:07:43.223853+10:00,c6be47cb-6835-4bb3-b8b2-fab0e6902000
2020-07-01T00:26:32.110095+10:00,c7a5df83-a693-49ec-bb90-5a769b129795
2020-07-03T12:08:05.652437+10:00,ca4fe43f-927b-44dd-81a8-23900a02b1a7
2020-05-18T00:52:58.71407+10:00,cac26fd7-1332-4e04-9c9d-b167118c2e20
2020-07-24T03:13:21.59338+10:00,d2914cd8-90ec-4e26-b1f9-f7cc8046d886
2020-07-29T08:40:02.233187+10:00,d98ae059-a455-4af6-8240-163be53fba8b
2020-05-14T05:45:30.289399+10:00,dbcc25ed-5dec-4161-91c6-87e67d168977
2020-08-11T07:04:09.77673+10:00,e25558be-13e6-4e91-9016-302c522cbc5e
2020-07-03T21:47:32.121614+10:00,eba2b14c-c903-4a22-82ab-424f7e172002
2020-08-10T10:54:30.791537+10:00,f8ed6fdf-e09a-43a4-a30a-cf9c583a0e78
